{"total_clusters": 102091, "mean_cluster_size": 15.07825371482305, "max_cluster_size": 68574, "min_cluster_size": 1, "std_cluster_size": 268.45268938728424, "mean_unknown_size": 14.343840299340783, "max_unknown_size": 68574, "min_unknown_size": 0, "std_unknown_size": 267.557706670434, "mean_unknown_perc": 0.896335867272623, "std_unknown_perc": 0.27612489853309574, "mean_known_size": 0.7344134154822658, "max_known_size": 2474, "min_known_size": 0, "std_known_size": 10.88803305232368, "unknown_clusters": 84406}